Gene,label
TUBA1B,Essential_Gene
EPRS1,Essential_Gene
TNNT2,Essential_Gene
TRMT10C,Essential_Gene
TOPBP1,Essential_Gene
CITED4,Essential_Gene
RPN2,Essential_Gene
SF1,Essential_Gene
BCL2L1,Essential_Gene
MED4,Essential_Gene
FNTB,Essential_Gene
MRPS10,Essential_Gene
RPS19,Essential_Gene
MED21,Essential_Gene
SPAG5,Essential_Gene
SFPQ,Essential_Gene
EXOSC9,Essential_Gene
H2BC6,Essential_Gene
UBAP1,Essential_Gene
GTF2A1,Essential_Gene
EXOSC5,Essential_Gene
PELP1,Essential_Gene
SYS1,Essential_Gene
DUXA,Essential_Gene
HAUS6,Essential_Gene
NOP9,Essential_Gene
USP7,Essential_Gene
PAICS,Essential_Gene
TUBGCP6,Essential_Gene
SSRP1,Essential_Gene
PSMD14,Essential_Gene
SNUPN,Essential_Gene
TXNL4B,Essential_Gene
PARL,Essential_Gene
HAUS8,Essential_Gene
MRPL49,Essential_Gene
METTL16,Essential_Gene
MRPL24,Essential_Gene
GMPPB,Essential_Gene
NUP62,Essential_Gene
CIAPIN1,Essential_Gene
MLST8,Essential_Gene
VMP1,Essential_Gene
PCBP2,Essential_Gene
RAD51C,Essential_Gene
RPSA,Essential_Gene
MRPL28,Essential_Gene
NUP205,Essential_Gene
TIGD1,Essential_Gene
RPS7,Essential_Gene
MPHOSPH10,Essential_Gene
DDX6,Essential_Gene
ZC3H13,Essential_Gene
HIST1H4A,Essential_Gene
DPY30,Essential_Gene
DHX8,Essential_Gene
RCC1,Essential_Gene
RBMX2,Essential_Gene
HAUS3,Essential_Gene
CWF19L2,Essential_Gene
NOP14,Essential_Gene
H2BC14,Essential_Gene
RPL13A,Essential_Gene
ANAPC2,Essential_Gene
SERBP1,Essential_Gene
CHCHD3,Essential_Gene
NFKBIE,Essential_Gene
GPKOW,Essential_Gene
DGCR8,Essential_Gene
HERC2,Essential_Gene
TIMM29,Essential_Gene
MRPS24,Essential_Gene
ARPC2,Essential_Gene
KANSL3,Essential_Gene
SKP2,Essential_Gene
RABGGTB,Essential_Gene
URI1,Essential_Gene
HJURP,Essential_Gene
POLR2L,Essential_Gene
RPS29,Essential_Gene
VPS41,Essential_Gene
NUP160,Essential_Gene
C9orf78,Essential_Gene
EIF4G1,Essential_Gene
ATP6AP1,Essential_Gene
DCTN4,Essential_Gene
INTS11,Essential_Gene
NUP107,Essential_Gene
PSMB3,Essential_Gene
TARS2,Essential_Gene
SF3B2,Essential_Gene
XRCC3,Essential_Gene
DSN1,Essential_Gene
UBA52,Essential_Gene
SRPRA,Essential_Gene
TRRAP,Essential_Gene
NELFCD,Essential_Gene
SLC9B1,Essential_Gene
RNF40,Essential_Gene
EIF3J,Essential_Gene
HAUS1,Essential_Gene
MRPL9,Essential_Gene
IARS1,Essential_Gene
TAF8,Essential_Gene
ATP5MF,Essential_Gene
SF3B3,Essential_Gene
TPI1,Essential_Gene
SKP1,Essential_Gene
CTNNBL1,Essential_Gene
FBXO5,Essential_Gene
GARS,Essential_Gene
CCAR1,Essential_Gene
SNRNP35,Essential_Gene
AURKAIP1,Essential_Gene
RHEB,Essential_Gene
CRCP,Essential_Gene
DPAGT1,Essential_Gene
BANP,Essential_Gene
HSCB,Essential_Gene
PAK1IP1,Essential_Gene
SPRR2G,Essential_Gene
AQP7,Essential_Gene
CIAO3,Essential_Gene
EXOSC2,Essential_Gene
H2AW,Essential_Gene
RBM8A,Essential_Gene
ARL2,Essential_Gene
LAMTOR3,Essential_Gene
CDC27,Essential_Gene
SF3A2,Essential_Gene
RRN3,Essential_Gene
CDC123,Essential_Gene
SLC25A10,Essential_Gene
RPL15,Essential_Gene
YEATS2,Essential_Gene
RPL6,Essential_Gene
PSMB6,Essential_Gene
KMT5A,Essential_Gene
TRMT5,Essential_Gene
TAF1,Essential_Gene
PRELID1,Essential_Gene
RPP40,Essential_Gene
DIMT1,Essential_Gene
GLRX5,Essential_Gene
WDR3,Essential_Gene
GEMIN4,Essential_Gene
DEXI,Essential_Gene
NPLOC4,Essential_Gene
CCDC43,Essential_Gene
EXOSC10,Essential_Gene
ARPC4,Essential_Gene
ATP6V1B2,Essential_Gene
CCDC115,Essential_Gene
PCNA,Essential_Gene
NOL7,Essential_Gene
DDX46,Essential_Gene
WIBG,Essential_Gene
OSGEP,Essential_Gene
CHCHD1,Essential_Gene
C1orf122,Essential_Gene
COPG1,Essential_Gene
RPS6,Essential_Gene
HCFC1,Essential_Gene
PSMC4,Essential_Gene
CMPK1,Essential_Gene
ARHGAP27,Essential_Gene
C1orf109,Essential_Gene
MED10,Essential_Gene
RBMX,Essential_Gene
MST1,Essential_Gene
SART1,Essential_Gene
MTOR,Essential_Gene
RPL10A,Essential_Gene
TBCD,Essential_Gene
MCM10,Essential_Gene
MMS19,Essential_Gene
ZNF207,Essential_Gene
H2AX,Essential_Gene
ZNHIT6,Essential_Gene
UBTF,Essential_Gene
SAP18,Essential_Gene
AARS1,Essential_Gene
RRS1,Essential_Gene
C14orf166,Essential_Gene
SNRNP40,Essential_Gene
RAMAC,Essential_Gene
IKBKAP,Essential_Gene
ATP6V1D,Essential_Gene
PNISR,Essential_Gene
BUB1,Essential_Gene
CENPH,Essential_Gene
EIF4E,Essential_Gene
NUDT21,Essential_Gene
EEF1G,Essential_Gene
MIS18BP1,Essential_Gene
EIF3H,Essential_Gene
RPS4X,Essential_Gene
NEDD8,Essential_Gene
SHFM1,Essential_Gene
PRMT5,Essential_Gene
RTRAF,Essential_Gene
MNAT1,Essential_Gene
RPA1,Essential_Gene
EIF2B3,Essential_Gene
ZC3H18,Essential_Gene
GEMIN5,Essential_Gene
SAP130,Essential_Gene
WDR70,Essential_Gene
TFB2M,Essential_Gene
SMG6,Essential_Gene
ZNHIT3,Essential_Gene
TIMM8A,Essential_Gene
RPAP2,Essential_Gene
DDX47,Essential_Gene
MRPS23,Essential_Gene
NELFE,Essential_Gene
HAMP,Essential_Gene
POLR2C,Essential_Gene
PAFAH1B1,Essential_Gene
PRELID3B,Essential_Gene
TCOF1,Essential_Gene
NUP133,Essential_Gene
SEC16A,Essential_Gene
SPDYE1,Essential_Gene
FAM91A1,Essential_Gene
COG3,Essential_Gene
RPL27,Essential_Gene
NUBP2,Essential_Gene
RPL35,Essential_Gene
BOP1,Essential_Gene
ATP6V1C1,Essential_Gene
HS6ST1,Essential_Gene
TSG101,Essential_Gene
HINFP,Essential_Gene
CRKL,Essential_Gene
NUP43,Essential_Gene
PSMG4,Essential_Gene
NDUFB10,Essential_Gene
ATP5F1C,Essential_Gene
FARSA,Essential_Gene
MASTL,Essential_Gene
NACA,Essential_Gene
NUP88,Essential_Gene
MRPS35,Essential_Gene
HNRNPH1,Essential_Gene
SLC7A6OS,Essential_Gene
CNIH4,Essential_Gene
HNRNPL,Essential_Gene
ORC3,Essential_Gene
NUFIP1,Essential_Gene
POLR3C,Essential_Gene
ZNRD2,Essential_Gene
EFTUD1,Essential_Gene
NMD3,Essential_Gene
RPL37A,Essential_Gene
SPATA5,Essential_Gene
LSM12,Essential_Gene
TAF12,Essential_Gene
DAD1,Essential_Gene
INO80B,Essential_Gene
CINP,Essential_Gene
EIF4B,Essential_Gene
KANSL2,Essential_Gene
TMEM199,Essential_Gene
ZNF407,Essential_Gene
SRSF2,Essential_Gene
MAK16,Essential_Gene
NOP58,Essential_Gene
NCAPH,Essential_Gene
GTF3C1,Essential_Gene
FAM96B,Essential_Gene
HIST1H2BN,Essential_Gene
NAIP,Essential_Gene
RPL24,Essential_Gene
CNOT3,Essential_Gene
WDR25,Essential_Gene
MCL1,Essential_Gene
RPS27A,Essential_Gene
USP5,Essential_Gene
UTP15,Essential_Gene
GOT2,Essential_Gene
E2F6,Essential_Gene
HYOU1,Essential_Gene
ERCC2,Essential_Gene
ANAPC11,Essential_Gene
RANBP1,Essential_Gene
NGDN,Essential_Gene
MED7,Essential_Gene
RPL36,Essential_Gene
RFC1,Essential_Gene
ORC6,Essential_Gene
SARNP,Essential_Gene
SNW1,Essential_Gene
H2AFX,Essential_Gene
SMC5,Essential_Gene
SSBP3,Essential_Gene
EIF2B1,Essential_Gene
WBSCR16,Essential_Gene
PPP2R1A,Essential_Gene
NUBP1,Essential_Gene
BUB3,Essential_Gene
CDCA8,Essential_Gene
H2AC15,Essential_Gene
H2AC11,Essential_Gene
ARGFX,Essential_Gene
ACTR2,Essential_Gene
RPL12,Essential_Gene
BRI3,Essential_Gene
CLSPN,Essential_Gene
SS18L2,Essential_Gene
WDR74,Essential_Gene
RNF113A,Essential_Gene
GEMIN8,Essential_Gene
PPA1,Essential_Gene
ESPL1,Essential_Gene
POLR3F,Essential_Gene
TEN1,Essential_Gene
UTP11,Essential_Gene
GTF3C4,Essential_Gene
GABPB1,Essential_Gene
CCT4,Essential_Gene
TUBGCP4,Essential_Gene
GTF3C3,Essential_Gene
RBM22,Essential_Gene
UTP18,Essential_Gene
DNAJC8,Essential_Gene
MED31,Essential_Gene
VARS2,Essential_Gene
SLC25A5,Essential_Gene
TPR,Essential_Gene
ESS2,Essential_Gene
HIST1H3G,Essential_Gene
PRPF19,Essential_Gene
ZNF830,Essential_Gene
SARS1,Essential_Gene
ATP5PF,Essential_Gene
IMP3,Essential_Gene
MYC,Essential_Gene
PSMB1,Essential_Gene
RBM14,Essential_Gene
AARS,Essential_Gene
SYMPK,Essential_Gene
COPS8,Essential_Gene
TRA2B,Essential_Gene
PSMD1,Essential_Gene
HTATSF1,Essential_Gene
PMPCA,Essential_Gene
PDPK1,Essential_Gene
BPTF,Essential_Gene
ANKLE2,Essential_Gene
PFDN6,Essential_Gene
SRFBP1,Essential_Gene
PPCS,Essential_Gene
RPL36AL,Essential_Gene
XPOT,Essential_Gene
LRPPRC,Essential_Gene
AQR,Essential_Gene
EFL1,Essential_Gene
INCENP,Essential_Gene
NPEPPS,Essential_Gene
RPF2,Essential_Gene
TAF1D,Essential_Gene
HRK,Essential_Gene
HIST1H2AD,Essential_Gene
POLR2D,Essential_Gene
ATP6V1A,Essential_Gene
TCEB2,Essential_Gene
PSMB2,Essential_Gene
MRPS34,Essential_Gene
CEP131,Essential_Gene
PCID2,Essential_Gene
DDB1,Essential_Gene
RPS2,Essential_Gene
UBR4,Essential_Gene
RPL27A,Essential_Gene
MVK,Essential_Gene
GTF3C5,Essential_Gene
TEX10,Essential_Gene
SLMO2,Essential_Gene
H2AC8,Essential_Gene
RPL5,Essential_Gene
FNBP4,Essential_Gene
SPCS2,Essential_Gene
GEMIN7,Essential_Gene
NOL8,Essential_Gene
SCYL1,Essential_Gene
FXN,Essential_Gene
YBX1,Essential_Gene
HIST1H3I,Essential_Gene
CLASRP,Essential_Gene
KRTAP21-1,Essential_Gene
SNAPC3,Essential_Gene
TRAPPC8,Essential_Gene
KIF20A,Essential_Gene
NDUFAF8,Essential_Gene
MRPL45,Essential_Gene
YRDC,Essential_Gene
CDC45,Essential_Gene
HIST1H2AB,Essential_Gene
RPS15A,Essential_Gene
SHQ1,Essential_Gene
PSMD4,Essential_Gene
ISCA2,Essential_Gene
LCE5A,Essential_Gene
PUF60,Essential_Gene
COG8,Essential_Gene
NME2,Essential_Gene
C17orf49,Essential_Gene
SRSF11,Essential_Gene
EP400,Essential_Gene
TCP1,Essential_Gene
TOR2A,Essential_Gene
ABCE1,Essential_Gene
SKIV2L2,Essential_Gene
SNIP1,Essential_Gene
GBF1,Essential_Gene
HDAC3,Essential_Gene
CHORDC1,Essential_Gene
ANAPC10,Essential_Gene
NEDD1,Essential_Gene
BUD13,Essential_Gene
BCLAF1,Essential_Gene
SDAD1,Essential_Gene
PSMB7,Essential_Gene
RNF4,Essential_Gene
SNRPD3,Essential_Gene
LLPH,Essential_Gene
PCBP1,Essential_Gene
U2AF2,Essential_Gene
EIF3G,Essential_Gene
HIST1H2BM,Essential_Gene
ABHD17A,Essential_Gene
ACTL6A,Essential_Gene
HCFC1R1,Essential_Gene
EIF2B2,Essential_Gene
CDC26,Essential_Gene
NCAPD2,Essential_Gene
MRPL14,Essential_Gene
SNRPF,Essential_Gene
GON4L,Essential_Gene
FDX1L,Essential_Gene
HAUS2,Essential_Gene
PPAT,Essential_Gene
RBBP4,Essential_Gene
ELP6,Essential_Gene
WDR7,Essential_Gene
DHX15,Essential_Gene
PPP2CA,Essential_Gene
WDR92,Essential_Gene
MED6,Essential_Gene
NXF1,Essential_Gene
CDC6,Essential_Gene
WDR55,Essential_Gene
H3C8,Essential_Gene
MEPCE,Essential_Gene
NLE1,Essential_Gene
SSB,Essential_Gene
ARMC7,Essential_Gene
CTU2,Essential_Gene
RPN1,Essential_Gene
SRF,Essential_Gene
CTDNEP1,Essential_Gene
ARFRP1,Essential_Gene
SRP72,Essential_Gene
NRDE2,Essential_Gene
HSP90B1,Essential_Gene
H2AFJ,Essential_Gene
ATP6AP2,Essential_Gene
GFM1,Essential_Gene
KANSL1,Essential_Gene
WDHD1,Essential_Gene
DDX59,Essential_Gene
TRAPPC4,Essential_Gene
VPS33A,Essential_Gene
SUPT4H1,Essential_Gene
COPA,Essential_Gene
RBBP5,Essential_Gene
CFAP20,Essential_Gene
SMIM7,Essential_Gene
SYVN1,Essential_Gene
SURF6,Essential_Gene
NUP54,Essential_Gene
CENPE,Essential_Gene
LIN9,Essential_Gene
SMC3,Essential_Gene
SSX5,Essential_Gene
IGSF3,Essential_Gene
EIF6,Essential_Gene
RPS10,Essential_Gene
NDC1,Essential_Gene
ST13,Essential_Gene
MCM6,Essential_Gene
FBLIM1,Essential_Gene
C12orf45,Essential_Gene
DEFB129,Essential_Gene
RABGGTA,Essential_Gene
DDX56,Essential_Gene
YAE1,Essential_Gene
WEE1,Essential_Gene
ACTR6,Essential_Gene
POTEI,Essential_Gene
SRRM1,Essential_Gene
DDOST,Essential_Gene
CIAO2B,Essential_Gene
ATP5MC2,Essential_Gene
EIF5AL1,Essential_Gene
GPN1,Essential_Gene
NRF1,Essential_Gene
XRCC5,Essential_Gene
SART3,Essential_Gene
GTF2H4,Essential_Gene
EFTUD2,Essential_Gene
PHF5A,Essential_Gene
RRP9,Essential_Gene
PRAMEF18,Essential_Gene
GTF2A2,Essential_Gene
PSMD2,Essential_Gene
KTI12,Essential_Gene
CDC20,Essential_Gene
NAA35,Essential_Gene
COQ2,Essential_Gene
WBP1,Essential_Gene
PFN1,Essential_Gene
TRPM7,Essential_Gene
LIMS1,Essential_Gene
MVD,Essential_Gene
H2AC12,Essential_Gene
PSMG3,Essential_Gene
THOC7,Essential_Gene
YY1,Essential_Gene
MIS12,Essential_Gene
VPS37A,Essential_Gene
GTF2E2,Essential_Gene
PRPF38A,Essential_Gene
CAPZB,Essential_Gene
NAA15,Essential_Gene
SNAP23,Essential_Gene
MOB4,Essential_Gene
RPL18,Essential_Gene
LSM10,Essential_Gene
GJA3,Essential_Gene
TRNT1,Essential_Gene
HAUS5,Essential_Gene
NUTF2,Essential_Gene
MRPL19,Essential_Gene
DCTN2,Essential_Gene
MRPL10,Essential_Gene
GNL3,Essential_Gene
NDUFB9,Essential_Gene
NFYB,Essential_Gene
CMC1,Essential_Gene
MRPS18A,Essential_Gene
MCM2,Essential_Gene
POLR3B,Essential_Gene
IK,Essential_Gene
NAT10,Essential_Gene
NIFK,Essential_Gene
SOWAHC,Essential_Gene
KCMF1,Essential_Gene
CENPN,Essential_Gene
AAMP,Essential_Gene
DCTN3,Essential_Gene
IARS2,Essential_Gene
PGAM1,Essential_Gene
UBA2,Essential_Gene
ISCU,Essential_Gene
CDC42SE1,Essential_Gene
OTOP1,Essential_Gene
ELP2,Essential_Gene
ZNF273,Essential_Gene
MTREX,Essential_Gene
XAB2,Essential_Gene
DNAJC17,Essential_Gene
SOD2,Essential_Gene
TTI1,Essential_Gene
FAR2,Essential_Gene
MAGOH,Essential_Gene
ATP5G1,Essential_Gene
ROMO1,Essential_Gene
EXOC4,Essential_Gene
COPE,Essential_Gene
MRPL58,Essential_Gene
NOP56,Essential_Gene
GINS2,Essential_Gene
COASY,Essential_Gene
NOP10,Essential_Gene
SMNDC1,Essential_Gene
CCDC137,Essential_Gene
ATP6V1E1,Essential_Gene
NOP16,Essential_Gene
ECD,Essential_Gene
GAPDH,Essential_Gene
DDX52,Essential_Gene
PAM16,Essential_Gene
UPF1,Essential_Gene
TBCE,Essential_Gene
MRPS12,Essential_Gene
POLR1A,Essential_Gene
NDUFS8,Essential_Gene
DHDDS,Essential_Gene
SNRPA1,Essential_Gene
RPS25,Essential_Gene
CRNKL1,Essential_Gene
RPS8,Essential_Gene
TADA2A,Essential_Gene
ZCCHC9,Essential_Gene
AKTIP,Essential_Gene
GSPT1,Essential_Gene
TAF1B,Essential_Gene
URB2,Essential_Gene
LCE3A,Essential_Gene
FDPS,Essential_Gene
AMD1,Essential_Gene
PTTG1,Essential_Gene
GNB1L,Essential_Gene
PRPF39,Essential_Gene
STX18,Essential_Gene
TAMM41,Essential_Gene
NFS1,Essential_Gene
ACTR10,Essential_Gene
YWHAE,Essential_Gene
CNOT1,Essential_Gene
ZBTB17,Essential_Gene
TP53RK,Essential_Gene
IPO9,Essential_Gene
UFD1L,Essential_Gene
RAD1,Essential_Gene
GGPS1,Essential_Gene
WDR36,Essential_Gene
WDR43,Essential_Gene
COX5B,Essential_Gene
POLR1D,Essential_Gene
CCDC12,Essential_Gene
SNAPIN,Essential_Gene
SARS,Essential_Gene
CLP1,Essential_Gene
AFG3L2,Essential_Gene
WNK1,Essential_Gene
CHMP5,Essential_Gene
SNRNP48,Essential_Gene
H2BC15,Essential_Gene
CCT2,Essential_Gene
FDX2,Essential_Gene
MED1,Essential_Gene
ARF4,Essential_Gene
KRTAP5-11,Essential_Gene
NUP85,Essential_Gene
THAP1,Essential_Gene
HIST1H2BK,Essential_Gene
SIGLEC11,Essential_Gene
RSPH9,Essential_Gene
MAT2A,Essential_Gene
PTMA,Essential_Gene
LSM5,Essential_Gene
TARDBP,Essential_Gene
ABCB7,Essential_Gene
LSM8,Essential_Gene
CCDC23,Essential_Gene
SNRNP200,Essential_Gene
H2AC17,Essential_Gene
RPL11,Essential_Gene
SMR3B,Essential_Gene
RMI1,Essential_Gene
ILF3,Essential_Gene
IMP4,Essential_Gene
HAPLN2,Essential_Gene
ATP5PD,Essential_Gene
TRAPPC3,Essential_Gene
NAPA,Essential_Gene
ALG14,Essential_Gene
ELP1,Essential_Gene
KARS1,Essential_Gene
GINS1,Essential_Gene
PSMA5,Essential_Gene
PMF1,Essential_Gene
CCNA2,Essential_Gene
PTCD3,Essential_Gene
C19orf52,Essential_Gene
POLR2I,Essential_Gene
UBL5,Essential_Gene
KIF18A,Essential_Gene
SUPT5H,Essential_Gene
MRPL35,Essential_Gene
RSRC2,Essential_Gene
MZT1,Essential_Gene
SRP68,Essential_Gene
CHMP3,Essential_Gene
ANKRD65,Essential_Gene
MCM7,Essential_Gene
RNF20,Essential_Gene
SCFD1,Essential_Gene
TWISTNB,Essential_Gene
RAD51D,Essential_Gene
HNRNPA1L2,Essential_Gene
GEMIN6,Essential_Gene
BANF1,Essential_Gene
TNPO3,Essential_Gene
TUBB,Essential_Gene
EWSR1,Essential_Gene
EBNA1BP2,Essential_Gene
CTCF,Essential_Gene
FEN1,Essential_Gene
SEC61B,Essential_Gene
HIST2H2AB,Essential_Gene
OPA1,Essential_Gene
RPL28,Essential_Gene
TTC1,Essential_Gene
BRD4,Essential_Gene
PSMA4,Essential_Gene
DDX51,Essential_Gene
INTS3,Essential_Gene
HIST1H2AM,Essential_Gene
SUMO2,Essential_Gene
DNTTIP2,Essential_Gene
GTF3C2,Essential_Gene
RPLP0,Essential_Gene
PTPN23,Essential_Gene
SPCS3,Essential_Gene
ALG1,Essential_Gene
THAP5,Essential_Gene
CSNK1A1,Essential_Gene
SF3B5,Essential_Gene
PHB,Essential_Gene
C1D,Essential_Gene
PLEKHM1,Essential_Gene
NUDC,Essential_Gene
NHP2,Essential_Gene
VARS,Essential_Gene
SMG1,Essential_Gene
PRPF4,Essential_Gene
POLRMT,Essential_Gene
ANAPC4,Essential_Gene
EIF4A1,Essential_Gene
PSMD11,Essential_Gene
UBQLN4,Essential_Gene
PSMC2,Essential_Gene
ADAT3,Essential_Gene
SON,Essential_Gene
NCBP2,Essential_Gene
NOC4L,Essential_Gene
RPL37,Essential_Gene
NPM1,Essential_Gene
SPRTN,Essential_Gene
ZMAT2,Essential_Gene
NOC2L,Essential_Gene
TOP3A,Essential_Gene
CPSF2,Essential_Gene
UROD,Essential_Gene
SMARCA5,Essential_Gene
NAA25,Essential_Gene
METTL17,Essential_Gene
TOX4,Essential_Gene
POLR2B,Essential_Gene
MXRA7,Essential_Gene
MED30,Essential_Gene
IFITM3,Essential_Gene
TRAIP,Essential_Gene
GSDMA,Essential_Gene
SCD,Essential_Gene
EIF4G2,Essential_Gene
POLR2G,Essential_Gene
NDUFA2,Essential_Gene
RARS1,Essential_Gene
TIMM9,Essential_Gene
RTFDC1,Essential_Gene
HIST1H2AH,Essential_Gene
RFC5,Essential_Gene
AP2S1,Essential_Gene
ATXN10,Essential_Gene
ATP5J2,Essential_Gene
BTF3,Essential_Gene
UBE2L3,Essential_Gene
LAS1L,Essential_Gene
UTP23,Essential_Gene
PMPCB,Essential_Gene
NELFA,Essential_Gene
FCF1,Essential_Gene
TAF1C,Essential_Gene
UQCRB,Essential_Gene
ABCF1,Essential_Gene
NCAPG,Essential_Gene
NOB1,Essential_Gene
NDC80,Essential_Gene
DDX10,Essential_Gene
VPS51,Essential_Gene
TSFM,Essential_Gene
C1orf86,Essential_Gene
PES1,Essential_Gene
TICRR,Essential_Gene
FBXL6,Essential_Gene
FOXD4,Essential_Gene
PYM1,Essential_Gene
MRPL37,Essential_Gene
MCRS1,Essential_Gene
CHMP4B,Essential_Gene
ACIN1,Essential_Gene
COX5A,Essential_Gene
MRPL53,Essential_Gene
NOL11,Essential_Gene
NUP93,Essential_Gene
TBCA,Essential_Gene
HIGD2A,Essential_Gene
NCBP1,Essential_Gene
MCCD1,Essential_Gene
CHAF1A,Essential_Gene
TDGF1,Essential_Gene
PPARGC1B,Essential_Gene
MEAF6,Essential_Gene
SNF8,Essential_Gene
C18orf21,Essential_Gene
GABPA,Essential_Gene
TMA16,Essential_Gene
MKRN1,Essential_Gene
ATP5C1,Essential_Gene
MED14,Essential_Gene
RPP21,Essential_Gene
NOLC1,Essential_Gene
PLK4,Essential_Gene
PDCD11,Essential_Gene
RPL36A,Essential_Gene
CUL3,Essential_Gene
YARS1,Essential_Gene
THAP11,Essential_Gene
LAMTOR4,Essential_Gene
KIAA1143,Essential_Gene
MTBP,Essential_Gene
ENSA,Essential_Gene
TSEN2,Essential_Gene
DRAP1,Essential_Gene
MRPS16,Essential_Gene
CNOT7,Essential_Gene
DHX38,Essential_Gene
ZBTB11,Essential_Gene
ALG2,Essential_Gene
RTF1,Essential_Gene
TOMM40,Essential_Gene
YJU2,Essential_Gene
CCNB1,Essential_Gene
PLRG1,Essential_Gene
MRPS18B,Essential_Gene
PSMA7,Essential_Gene
SRBD1,Essential_Gene
RRP1,Essential_Gene
HMGB1,Essential_Gene
PFDN1,Essential_Gene
UBE2S,Essential_Gene
CTU1,Essential_Gene
MTRF1L,Essential_Gene
DGCR14,Essential_Gene
RNF8,Essential_Gene
LSG1,Essential_Gene
GTF2B,Essential_Gene
ISG20L2,Essential_Gene
RBM19,Essential_Gene
DICER1,Essential_Gene
SKA3,Essential_Gene
SRP9,Essential_Gene
RPL21,Essential_Gene
SNRPB,Essential_Gene
COX7C,Essential_Gene
RPS19BP1,Essential_Gene
CUL1,Essential_Gene
PTPA,Essential_Gene
VPS18,Essential_Gene
NSUN4,Essential_Gene
PPP1R14B,Essential_Gene
FAM168A,Essential_Gene
PKMYT1,Essential_Gene
LSM7,Essential_Gene
PTPN11,Essential_Gene
TUBGCP3,Essential_Gene
NAE1,Essential_Gene
SMARCB1,Essential_Gene
PPAN,Essential_Gene
GFER,Essential_Gene
POLR3A,Essential_Gene
FKBP1A,Essential_Gene
LUC7L3,Essential_Gene
RPS23,Essential_Gene
TRAPPC1,Essential_Gene
MRPL38,Essential_Gene
BCAS2,Essential_Gene
NEPRO,Essential_Gene
WDR83,Essential_Gene
XPO1,Essential_Gene
USP36,Essential_Gene
GTF3A,Essential_Gene
NFE2L3,Essential_Gene
CDIPT,Essential_Gene
RPS13,Essential_Gene
PPP1CB,Essential_Gene
SAE1,Essential_Gene
ELP5,Essential_Gene
RBM25,Essential_Gene
PI4KA,Essential_Gene
POLD2,Essential_Gene
FTSJ3,Essential_Gene
JAZF1,Essential_Gene
SRPR,Essential_Gene
UBE2M,Essential_Gene
ATRIP,Essential_Gene
RPL38,Essential_Gene
POLR2F,Essential_Gene
WDR82,Essential_Gene
ATP23,Essential_Gene
MED17,Essential_Gene
NRBP1,Essential_Gene
WDR75,Essential_Gene
RIOK2,Essential_Gene
RBMXL1,Essential_Gene
MDM2,Essential_Gene
RAN,Essential_Gene
ORAOV1,Essential_Gene
RACGAP1,Essential_Gene
PSMD8,Essential_Gene
NAA50,Essential_Gene
EXOSC8,Essential_Gene
SENP6,Essential_Gene
FAM96A,Essential_Gene
MED26,Essential_Gene
INTS5,Essential_Gene
RPL14,Essential_Gene
SRSF10,Essential_Gene
OSTC,Essential_Gene
SNRNP70,Essential_Gene
RPS12,Essential_Gene
TSPYL5,Essential_Gene
ALG1L,Essential_Gene
DCTN5,Essential_Gene
NOPCHAP1,Essential_Gene
POLD3,Essential_Gene
CCNH,Essential_Gene
NAA10,Essential_Gene
RPL26L1,Essential_Gene
H2AJ,Essential_Gene
TIMM13,Essential_Gene
SUPT6H,Essential_Gene
CEBPZ,Essential_Gene
MRPL57,Essential_Gene
CCT6A,Essential_Gene
POLR1E,Essential_Gene
CCDC84,Essential_Gene
INO80,Essential_Gene
PGAM4,Essential_Gene
GAR1,Essential_Gene
KRBOX5,Essential_Gene
AK4,Essential_Gene
GLE1,Essential_Gene
IFITM2,Essential_Gene
TSR2,Essential_Gene
POMP,Essential_Gene
CLK2,Essential_Gene
SRSF7,Essential_Gene
KIAA1429,Essential_Gene
POLR1H,Essential_Gene
SPC25,Essential_Gene
ARPC3,Essential_Gene
UXT,Essential_Gene
NOL9,Essential_Gene
GET3,Essential_Gene
LENG8,Essential_Gene
ESRRA,Essential_Gene
TELO2,Essential_Gene
POLD1,Essential_Gene
MED9,Essential_Gene
SUDS3,Essential_Gene
NSF,Essential_Gene
CHTF8,Essential_Gene
ANAPC5,Essential_Gene
GRWD1,Essential_Gene
BUB1B,Essential_Gene
H2BC5,Essential_Gene
TCEB1,Essential_Gene
C1QBP,Essential_Gene
SLBP,Essential_Gene
HNRNPU,Essential_Gene
SDHD,Essential_Gene
SNAPC1,Essential_Gene
ADSS2,Essential_Gene
NARS,Essential_Gene
COA5,Essential_Gene
RPL10,Essential_Gene
TAF5,Essential_Gene
PREB,Essential_Gene
TBP,Essential_Gene
YPEL1,Essential_Gene
SNRNP27,Essential_Gene
FAM32A,Essential_Gene
BUD23,Essential_Gene
PIP5K1A,Essential_Gene
UTP3,Essential_Gene
NASP,Essential_Gene
TINF2,Essential_Gene
VPS54,Essential_Gene
SLC7A5,Essential_Gene
LIN52,Essential_Gene
RBM48,Essential_Gene
MRPL12,Essential_Gene
DNAJB6,Essential_Gene
MFN2,Essential_Gene
MRPL39,Essential_Gene
COPS6,Essential_Gene
DDX24,Essential_Gene
SYF2,Essential_Gene
PRDX2,Essential_Gene
FARSB,Essential_Gene
CENPK,Essential_Gene
TFDP1,Essential_Gene
PRPF31,Essential_Gene
WDR24,Essential_Gene
GGT1,Essential_Gene
EXOC3,Essential_Gene
GPR61,Essential_Gene
NVL,Essential_Gene
VPS25,Essential_Gene
ATP5L,Essential_Gene
PPP1R2,Essential_Gene
CDC40,Essential_Gene
UTP20,Essential_Gene
SEC61A1,Essential_Gene
LRRC37B,Essential_Gene
EIF2S2,Essential_Gene
POP4,Essential_Gene
CRCT1,Essential_Gene
ICE2,Essential_Gene
KAT8,Essential_Gene
GTF2H3,Essential_Gene
POLR3E,Essential_Gene
SMG7,Essential_Gene
NUP50,Essential_Gene
ATF4,Essential_Gene
LSM3,Essential_Gene
NUF2,Essential_Gene
SBDS,Essential_Gene
RPLP2,Essential_Gene
MARS,Essential_Gene
DCLRE1B,Essential_Gene
NELFB,Essential_Gene
UBA3,Essential_Gene
PC,Essential_Gene
ORC4,Essential_Gene
RPS15,Essential_Gene
WARS2,Essential_Gene
TRAPPC11,Essential_Gene
UQCRFS1,Essential_Gene
SRSF6,Essential_Gene
NUS1,Essential_Gene
ATP6V0D1,Essential_Gene
TCERG1,Essential_Gene
PPIL1,Essential_Gene
LST1,Essential_Gene
ZNRD1,Essential_Gene
FAM103A1,Essential_Gene
SNU13,Essential_Gene
HIST1H2AL,Essential_Gene
GTF2F2,Essential_Gene
PGD,Essential_Gene
TXN,Essential_Gene
NSL1,Essential_Gene
TIMM44,Essential_Gene
TRAPPC5,Essential_Gene
H2BC12,Essential_Gene
HIST1H2BJ,Essential_Gene
PYURF,Essential_Gene
XRN2,Essential_Gene
QARS1,Essential_Gene
PSMC1,Essential_Gene
PPP1R10,Essential_Gene
ATP5H,Essential_Gene
COQ4,Essential_Gene
ATP5F1D,Essential_Gene
EIF2S1,Essential_Gene
CHCHD4,Essential_Gene
CIAO1,Essential_Gene
DDX49,Essential_Gene
HNRNPR,Essential_Gene
THOC3,Essential_Gene
PHB2,Essential_Gene
TUBG2,Essential_Gene
METAP2,Essential_Gene
TPRKB,Essential_Gene
PPIL4,Essential_Gene
PGGT1B,Essential_Gene
PRPF6,Essential_Gene
STRAP,Essential_Gene
PPIE,Essential_Gene
ARGLU1,Essential_Gene
RPL13,Essential_Gene
INTS7,Essential_Gene
UBE2V1,Essential_Gene
SNAPC4,Essential_Gene
GARS1,Essential_Gene
MYBBP1A,Essential_Gene
VPS35,Essential_Gene
DDX55,Essential_Gene
LETM1,Essential_Gene
VBP1,Essential_Gene
VWA9,Essential_Gene
POLR2E,Essential_Gene
RPLP1,Essential_Gene
BNIP1,Essential_Gene
CNN2,Essential_Gene
EEF1A1,Essential_Gene
BYSL,Essential_Gene
CDC73,Essential_Gene
MRPL34,Essential_Gene
AARS2,Essential_Gene
NDUFB7,Essential_Gene
HARS,Essential_Gene
CDAN1,Essential_Gene
RPL26,Essential_Gene
NARS1,Essential_Gene
SPDL1,Essential_Gene
TMEM183A,Essential_Gene
RPS16,Essential_Gene
POM121C,Essential_Gene
PHAX,Essential_Gene
RAE1,Essential_Gene
ZMAT5,Essential_Gene
BMS1,Essential_Gene
PRPF40A,Essential_Gene
PRDM10,Essential_Gene
CCDC130,Essential_Gene
NAPG,Essential_Gene
H3C11,Essential_Gene
EIF3F,Essential_Gene
HNRNPC,Essential_Gene
HIST1H2AK,Essential_Gene
ELP4,Essential_Gene
PRKRIP1,Essential_Gene
ORC1,Essential_Gene
SEC63,Essential_Gene
ATP5F1,Essential_Gene
KPNB1,Essential_Gene
H2AC6,Essential_Gene
EEF1B2,Essential_Gene
DDX42,Essential_Gene
IPO11,Essential_Gene
PA2G4,Essential_Gene
SMC1A,Essential_Gene
RPL35A,Essential_Gene
SPC24,Essential_Gene
TOP2A,Essential_Gene
PSME1,Essential_Gene
UTP6,Essential_Gene
GALP,Essential_Gene
HIST1H1C,Essential_Gene
ATP5A1,Essential_Gene
MED27,Essential_Gene
WBSCR22,Essential_Gene
RAD21,Essential_Gene
CPAMD8,Essential_Gene
DENR,Essential_Gene
PPP2R4,Essential_Gene
CEP192,Essential_Gene
GOSR2,Essential_Gene
SF3A3,Essential_Gene
TOMM22,Essential_Gene
INTS9,Essential_Gene
SUPV3L1,Essential_Gene
PRPF3,Essential_Gene
DHX37,Essential_Gene
CENPI,Essential_Gene
RARS,Essential_Gene
DNAAF10,Essential_Gene
CPSF1,Essential_Gene
CCT5,Essential_Gene
RELA,Essential_Gene
CSE1L,Essential_Gene
MED18,Essential_Gene
KLC2,Essential_Gene
NUP35,Essential_Gene
METTL3,Essential_Gene
CBX1,Essential_Gene
THOC2,Essential_Gene
VTI1B,Essential_Gene
ETF1,Essential_Gene
EIF5,Essential_Gene
USP18,Essential_Gene
TBCB,Essential_Gene
PDCD7,Essential_Gene
RPS24,Essential_Gene
VPS72,Essential_Gene
MED29,Essential_Gene
H2BC9,Essential_Gene
MRPS28,Essential_Gene
CSTF1,Essential_Gene
PISD,Essential_Gene
FAU,Essential_Gene
NKAP,Essential_Gene
ACTR8,Essential_Gene
BTF3L4,Essential_Gene
GPS1,Essential_Gene
DNM1L,Essential_Gene
UPF3A,Essential_Gene
SRP19,Essential_Gene
HAUS4,Essential_Gene
CENPC,Essential_Gene
ZNF492,Essential_Gene
DMAP1,Essential_Gene
TMED2,Essential_Gene
YEATS4,Essential_Gene
NDUFB4,Essential_Gene
METAP1,Essential_Gene
TPT1,Essential_Gene
NSMCE2,Essential_Gene
EIF2S3,Essential_Gene
H2BC8,Essential_Gene
CENATAC,Essential_Gene
MRGBP,Essential_Gene
UQCC3,Essential_Gene
C3orf17,Essential_Gene
MOCS3,Essential_Gene
ANAPC1,Essential_Gene
KDM8,Essential_Gene
LAMTOR2,Essential_Gene
MRPS14,Essential_Gene
AK6,Essential_Gene
CHMP6,Essential_Gene
ATP1A1,Essential_Gene
POLA1,Essential_Gene
INHBE,Essential_Gene
SRPRB,Essential_Gene
PABPN1,Essential_Gene
EIF1AX,Essential_Gene
TOP1,Essential_Gene
GTF2H1,Essential_Gene
USP10,Essential_Gene
THOC5,Essential_Gene
EIF2B4,Essential_Gene
TRIAP1,Essential_Gene
ATP5B,Essential_Gene
ABT1,Essential_Gene
RPAP3,Essential_Gene
TSEN34,Essential_Gene
TAF6,Essential_Gene
MED22,Essential_Gene
NOL6,Essential_Gene
PNO1,Essential_Gene
LSM6,Essential_Gene
SASS6,Essential_Gene
POLR1B,Essential_Gene
NDUFAB1,Essential_Gene
CKAP5,Essential_Gene
H2AFZ,Essential_Gene
DPY19L2,Essential_Gene
HMGN2,Essential_Gene
SLC25A3,Essential_Gene
XRCC6BP1,Essential_Gene
GUK1,Essential_Gene
SPRYD4,Essential_Gene
MRPL36,Essential_Gene
POP5,Essential_Gene
CCDC58,Essential_Gene
HUWE1,Essential_Gene
EIF3A,Essential_Gene
CHD4,Essential_Gene
DNAJA1,Essential_Gene
SPOUT1,Essential_Gene
RPL18A,Essential_Gene
DHX33,Essential_Gene
VPS29,Essential_Gene
CDC23,Essential_Gene
CDK9,Essential_Gene
EXOSC1,Essential_Gene
ANAPC13,Essential_Gene
CDC7,Essential_Gene
PWP2,Essential_Gene
PELO,Essential_Gene
BET1,Essential_Gene
CCT7,Essential_Gene
PSMG2,Essential_Gene
ACO2,Essential_Gene
LTO1,Essential_Gene
DHFRL1,Essential_Gene
UBE2D3,Essential_Gene
YARS2,Essential_Gene
RBM42,Essential_Gene
MAD2L1,Essential_Gene
DARS,Essential_Gene
NUP214,Essential_Gene
ARCN1,Essential_Gene
PSMD6,Essential_Gene
CFDP1,Essential_Gene
COPS3,Essential_Gene
POLE2,Essential_Gene
PCNP,Essential_Gene
RPE,Essential_Gene
MT1B,Essential_Gene
CHCHD2,Essential_Gene
SMC6,Essential_Gene
SVBP,Essential_Gene
RRP12,Essential_Gene
CTPS1,Essential_Gene
PEF1,Essential_Gene
POLR2H,Essential_Gene
RBBP8,Essential_Gene
VIRMA,Essential_Gene
PYROXD1,Essential_Gene
RNGTT,Essential_Gene
TTI2,Essential_Gene
CPSF3,Essential_Gene
EIF3E,Essential_Gene
STAT5A,Essential_Gene
SMC4,Essential_Gene
NDUFA4,Essential_Gene
PDRG1,Essential_Gene
MRPL32,Essential_Gene
SPATA5L1,Essential_Gene
NCAPD3,Essential_Gene
UBA1,Essential_Gene
DYNLL1,Essential_Gene
CENPT,Essential_Gene
EIF3B,Essential_Gene
POLR1F,Essential_Gene
HMGA1,Essential_Gene
TTK,Essential_Gene
ESF1,Essential_Gene
ACLY,Essential_Gene
H2AC20,Essential_Gene
RPP30,Essential_Gene
CRLS1,Essential_Gene
SARS2,Essential_Gene
POLR3H,Essential_Gene
SUPT16H,Essential_Gene
EXOSC4,Essential_Gene
VPS13D,Essential_Gene
HAUS7,Essential_Gene
OGT,Essential_Gene
DHX36,Essential_Gene
ZRSR2,Essential_Gene
MRPS5,Essential_Gene
TAF7,Essential_Gene
PSMD12,Essential_Gene
RCL1,Essential_Gene
SLC25A38,Essential_Gene
SEH1L,Essential_Gene
AP2M1,Essential_Gene
DDX20,Essential_Gene
SLC39A10,Essential_Gene
PPRC1,Essential_Gene
HIST1H2BG,Essential_Gene
SGO1,Essential_Gene
SDE2,Essential_Gene
DIEXF,Essential_Gene
CCDC107,Essential_Gene
COX6B1,Essential_Gene
EIF3I,Essential_Gene
TANGO6,Essential_Gene
MSTO1,Essential_Gene
TIPIN,Essential_Gene
ICT1,Essential_Gene
RPA2,Essential_Gene
LYRM4,Essential_Gene
RAB1A,Essential_Gene
NMT1,Essential_Gene
ATP5F1A,Essential_Gene
NARFL,Essential_Gene
ANAPC15,Essential_Gene
NDUFC2,Essential_Gene
ATP2A2,Essential_Gene
SF3B6,Essential_Gene
PDCL3,Essential_Gene
ALYREF,Essential_Gene
CFAP298,Essential_Gene
NDUFS5,Essential_Gene
SOD1,Essential_Gene
TTC4,Essential_Gene
FIP1L1,Essential_Gene
TGS1,Essential_Gene
TIMM10,Essential_Gene
INTS2,Essential_Gene
ORC5,Essential_Gene
QARS,Essential_Gene
ARTN,Essential_Gene
POLR1C,Essential_Gene
INTS4,Essential_Gene
H2AC21,Essential_Gene
KRAS,Essential_Gene
VPS28,Essential_Gene
CDK12,Essential_Gene
CCDC59,Essential_Gene
RHOQ,Essential_Gene
CSNK2B,Essential_Gene
SCNM1,Essential_Gene
PSMD13,Essential_Gene
HNRNPK,Essential_Gene
ATP6V0B,Essential_Gene
ATP5L2,Essential_Gene
SF3A1,Essential_Gene
TPX2,Essential_Gene
ASNA1,Essential_Gene
EXOSC6,Essential_Gene
MCM5,Essential_Gene
SMC2,Essential_Gene
METTL1,Essential_Gene
MRPL3,Essential_Gene
GTF2F1,Essential_Gene
MRPS11,Essential_Gene
PFDN5,Essential_Gene
GAK,Essential_Gene
ACTR1A,Essential_Gene
PSMA2,Essential_Gene
RPS3,Essential_Gene
PPY,Essential_Gene
CDC5L,Essential_Gene
PDCD5,Essential_Gene
ARPP19,Essential_Gene
EIF3D,Essential_Gene
TBCC,Essential_Gene
HIRA,Essential_Gene
TSR1,Essential_Gene
HMGCR,Essential_Gene
PRPF38B,Essential_Gene
PSMB5,Essential_Gene
BARD1,Essential_Gene
H2AC16,Essential_Gene
YPEL5,Essential_Gene
ADSS,Essential_Gene
PTPMT1,Essential_Gene
ZNHIT2,Essential_Gene
SUMO1,Essential_Gene
VCP,Essential_Gene
ZNF593,Essential_Gene
LSM14A,Essential_Gene
COPZ1,Essential_Gene
RAC1,Essential_Gene
RAP1B,Essential_Gene
MRPL55,Essential_Gene
PSMA6,Essential_Gene
GFPT1,Essential_Gene
PGK1,Essential_Gene
MCM3AP,Essential_Gene
RTF2,Essential_Gene
NPAT,Essential_Gene
PRIM1,Essential_Gene
HIST1H2BD,Essential_Gene
ISY1,Essential_Gene
RPTOR,Essential_Gene
MAD2L2,Essential_Gene
RPAIN,Essential_Gene
SINHCAF,Essential_Gene
DBF4,Essential_Gene
UPF2,Essential_Gene
DONSON,Essential_Gene
NDUFB3,Essential_Gene
TFAM,Essential_Gene
LONP1,Essential_Gene
DYNLRB1,Essential_Gene
COG2,Essential_Gene
CPSF4,Essential_Gene
EXOC5,Essential_Gene
TAF10,Essential_Gene
RTCB,Essential_Gene
URB1,Essential_Gene
ILF2,Essential_Gene
GMPS,Essential_Gene
RAB1B,Essential_Gene
YJU2B,Essential_Gene
MRPL41,Essential_Gene
PWP1,Essential_Gene
RPL31,Essential_Gene
BRD8,Essential_Gene
RRP36,Essential_Gene
DYNC1I2,Essential_Gene
TLK2,Essential_Gene
TWF1,Essential_Gene
C17orf89,Essential_Gene
PLK1,Essential_Gene
ZNF335,Essential_Gene
TRMT112,Essential_Gene
LARS,Essential_Gene
NUP153,Essential_Gene
CKS2,Essential_Gene
RPS20,Essential_Gene
FAAP20,Essential_Gene
SLC39A7,Essential_Gene
SSSCA1,Essential_Gene
CHEK1,Essential_Gene
STARD7,Essential_Gene
H2AC4,Essential_Gene
SDHC,Essential_Gene
CCT3,Essential_Gene
FAM104B,Essential_Gene
SETD8,Essential_Gene
AKR1B15,Essential_Gene
ELOB,Essential_Gene
CDK1,Essential_Gene
CENPA,Essential_Gene
BIRC5,Essential_Gene
CCDC144A,Essential_Gene
TTC27,Essential_Gene
COPB2,Essential_Gene
NCL,Essential_Gene
WDR12,Essential_Gene
SLU7,Essential_Gene
RUVBL1,Essential_Gene
H2BC11,Essential_Gene
ATL2,Essential_Gene
RFC4,Essential_Gene
IARS,Essential_Gene
MARS2,Essential_Gene
HSPA8,Essential_Gene
KRTAP17-1,Essential_Gene
EXOSC3,Essential_Gene
PCF11,Essential_Gene
MFAP1,Essential_Gene
PPP1R12A,Essential_Gene
PRR13,Essential_Gene
SPTLC1,Essential_Gene
HEATR1,Essential_Gene
HIST1H2AC,Essential_Gene
ELOC,Essential_Gene
HSPA9,Essential_Gene
CPSF3L,Essential_Gene
ATP5MC1,Essential_Gene
MIS18A,Essential_Gene
NCAPG2,Essential_Gene
HSPD1,Essential_Gene
DPPA3,Essential_Gene
SUGP1,Essential_Gene
TSEN54,Essential_Gene
SNAPC5,Essential_Gene
AATF,Essential_Gene
CAP1,Essential_Gene
SDHAF2,Essential_Gene
ZNF658,Essential_Gene
CDC42,Essential_Gene
MRPL16,Essential_Gene
MT1E,Essential_Gene
PSMC6,Essential_Gene
ATP5PB,Essential_Gene
C17orf58,Essential_Gene
RPL4,Essential_Gene
RPL8,Essential_Gene
VDAC1,Essential_Gene
BUD31,Essential_Gene
PPP4C,Essential_Gene
PRRC2A,Essential_Gene
RNPC3,Essential_Gene
FAM60A,Essential_Gene
HYPK,Essential_Gene
EMC7,Essential_Gene
KIF4A,Essential_Gene
METTL14,Essential_Gene
SLC35B1,Essential_Gene
PPIL2,Essential_Gene
DHFR2,Essential_Gene
SAMM50,Essential_Gene
PPP1CA,Essential_Gene
C9orf114,Essential_Gene
NDOR1,Essential_Gene
POP1,Essential_Gene
ADSL,Essential_Gene
HIST2H3D,Essential_Gene
RPS11,Essential_Gene
COX17,Essential_Gene
KIF11,Essential_Gene
KARS,Essential_Gene
AURKA,Essential_Gene
VCL,Essential_Gene
MLX,Essential_Gene
KIF23,Essential_Gene
PDAP1,Essential_Gene
SEM1,Essential_Gene
PSMC3,Essential_Gene
RINT1,Essential_Gene
DTL,Essential_Gene
INTS8,Essential_Gene
PAXBP1,Essential_Gene
OGDH,Essential_Gene
NOM1,Essential_Gene
PPP4R2,Essential_Gene
BDP1,Essential_Gene
PRKRA,Essential_Gene
SRSF3,Essential_Gene
CLTC,Essential_Gene
MRPS21,Essential_Gene
FAM136A,Essential_Gene
FPGS,Essential_Gene
ERH,Essential_Gene
BORA,Essential_Gene
HSPA5,Essential_Gene
FECH,Essential_Gene
SFSWAP,Essential_Gene
TFRC,Essential_Gene
CD3D,Essential_Gene
RFT1,Essential_Gene
FNTA,Essential_Gene
PTMS,Essential_Gene
SRSF1,Essential_Gene
CTR9,Essential_Gene
DDX11,Essential_Gene
DARS1,Essential_Gene
CWC25,Essential_Gene
RPL30,Essential_Gene
RPS5,Essential_Gene
LRRC37A3,Essential_Gene
POLA2,Essential_Gene
SF3B4,Essential_Gene
GNB2L1,Essential_Gene
COX7B,Essential_Gene
TAF1A,Essential_Gene
RPAP1,Essential_Gene
PIN4,Essential_Gene
WARS,Essential_Gene
ATP6V1G1,Essential_Gene
EIF4A3,Essential_Gene
U2SURP,Essential_Gene
NCAPH2,Essential_Gene
REV3L,Essential_Gene
RTEL1,Essential_Gene
RPL7,Essential_Gene
DDX27,Essential_Gene
UBE2N,Essential_Gene
ATP5G2,Essential_Gene
WTAP,Essential_Gene
KAT5,Essential_Gene
COPS5,Essential_Gene
NCOA4,Essential_Gene
CD3EAP,Essential_Gene
CLNS1A,Essential_Gene
LSM11,Essential_Gene
POP7,Essential_Gene
CDCA5,Essential_Gene
TMEM258,Essential_Gene
KIF14,Essential_Gene
CENPM,Essential_Gene
IGBP1,Essential_Gene
PGS1,Essential_Gene
USP8,Essential_Gene
RRM2,Essential_Gene
AHCTF1,Essential_Gene
MRPL43,Essential_Gene
NUP98,Essential_Gene
SMS,Essential_Gene
UTP25,Essential_Gene
GGTLC2,Essential_Gene
DIS3,Essential_Gene
CENPW,Essential_Gene
RAD51,Essential_Gene
CACNB3,Essential_Gene
LCE2A,Essential_Gene
INTS14,Essential_Gene
CCDC94,Essential_Gene
PRMT1,Essential_Gene
EPOP,Essential_Gene
ERCC3,Essential_Gene
CDK4,Essential_Gene
DROSHA,Essential_Gene
WDR33,Essential_Gene
EMC1,Essential_Gene
KRT8,Essential_Gene
WDR1,Essential_Gene
METTL15,Essential_Gene
PNKP,Essential_Gene
CCNK,Essential_Gene
RBBP6,Essential_Gene
UQCRQ,Essential_Gene
HNRNPM,Essential_Gene
SACM1L,Essential_Gene
CDC16,Essential_Gene
TIMELESS,Essential_Gene
STX5,Essential_Gene
HGS,Essential_Gene
WDR77,Essential_Gene
MED11,Essential_Gene
EMC3,Essential_Gene
RFC2,Essential_Gene
COX6A1,Essential_Gene
MCM3,Essential_Gene
CELSR2,Essential_Gene
THOC1,Essential_Gene
CWC22,Essential_Gene
KIN,Essential_Gene
CUL2,Essential_Gene
HMGCS1,Essential_Gene
TEFM,Essential_Gene
TUBG1,Essential_Gene
CFL1,Essential_Gene
LTV1,Essential_Gene
POLE,Essential_Gene
HIST1H2BH,Essential_Gene
MIX23,Essential_Gene
PARS2,Essential_Gene
UQCRC2,Essential_Gene
ALG13,Essential_Gene
COX20,Essential_Gene
DDN,Essential_Gene
ATP5D,Essential_Gene
C17orf96,Essential_Gene
OIP5,Essential_Gene
TXNL4A,Essential_Gene
LRR1,Essential_Gene
MDN1,Essential_Gene
ZBTB8OS,Essential_Gene
CACYBP,Essential_Gene
KIFBP,Essential_Gene
GNL3L,Essential_Gene
RRM1,Essential_Gene
ATP5MGL,Essential_Gene
SNRPB2,Essential_Gene
ACTB,Essential_Gene
PDCD2,Essential_Gene
ATP6V0C,Essential_Gene
PIK3R4,Essential_Gene
SRCAP,Essential_Gene
DR1,Essential_Gene
LSM2,Essential_Gene
EIF5A,Essential_Gene
PSMD3,Essential_Gene
CA5A,Essential_Gene
CYFIP1,Essential_Gene
HARS1,Essential_Gene
RPS18,Essential_Gene
VHL,Essential_Gene
CCT8,Essential_Gene
RACK1,Essential_Gene
SBNO1,Essential_Gene
RPP14,Essential_Gene
WDR46,Essential_Gene
AGAP6,Essential_Gene
COPB1,Essential_Gene
PSMB4,Essential_Gene
SAP30BP,Essential_Gene
RPL22,Essential_Gene
ZNF574,Essential_Gene
DBR1,Essential_Gene
HIST2H2AC,Essential_Gene
RBM17,Essential_Gene
NDUFA11,Essential_Gene
PRCC,Essential_Gene
SETD1A,Essential_Gene
BRIX1,Essential_Gene
YARS,Essential_Gene
C19orf53,Essential_Gene
CENPL,Essential_Gene
NUDCD3,Essential_Gene
HIST1H2AE,Essential_Gene
MMS22L,Essential_Gene
THG1L,Essential_Gene
ATP5PO,Essential_Gene
TOMM20,Essential_Gene
NDUFAF1,Essential_Gene
SRP14,Essential_Gene
TONSL,Essential_Gene
CYCS,Essential_Gene
SRRT,Essential_Gene
WDR18,Essential_Gene
SIN3A,Essential_Gene
RPA3,Essential_Gene
EAPP,Essential_Gene
RPL23,Essential_Gene
WARS1,Essential_Gene
TIMM22,Essential_Gene
PPP1R15B,Essential_Gene
DDX39B,Essential_Gene
PAQR6,Essential_Gene
RFC3,Essential_Gene
GPN2,Essential_Gene
DOHH,Essential_Gene
MRPL21,Essential_Gene
KNL1,Essential_Gene
RILP,Essential_Gene
XPO5,Essential_Gene
AKIRIN2,Essential_Gene
NUP155,Essential_Gene
YKT6,Essential_Gene
ANLN,Essential_Gene
COPS4,Essential_Gene
MRPS22,Essential_Gene
PPP2R3C,Essential_Gene
DDX5,Essential_Gene
HIST3H2A,Essential_Gene
MTPAP,Essential_Gene
PIGH,Essential_Gene
CPSF6,Essential_Gene
PPWD1,Essential_Gene
EPRS,Essential_Gene
EXOSC7,Essential_Gene
TUBGCP5,Essential_Gene
MRPL27,Essential_Gene
SCARF1,Essential_Gene
DDX23,Essential_Gene
H2AZ1,Essential_Gene
RBM39,Essential_Gene
UTP11L,Essential_Gene
MED28,Essential_Gene
LOC391003,Essential_Gene
ZPR1,Essential_Gene
MTG2,Essential_Gene
POLR3K,Essential_Gene
DAP3,Essential_Gene
GCSH,Essential_Gene
RRP7A,Essential_Gene
PSMA1,Essential_Gene
INTS1,Essential_Gene
NDNL2,Essential_Gene
H4C1,Essential_Gene
ASCC3,Essential_Gene
HIST1H2BC,Essential_Gene
IPO13,Essential_Gene
NOL12,Essential_Gene
WBP11,Essential_Gene
TBL3,Essential_Gene
XRCC6,Essential_Gene
MARS1,Essential_Gene
EIF1,Essential_Gene
VPS16,Essential_Gene
PIGC,Essential_Gene
GTPBP4,Essential_Gene
TAF13,Essential_Gene
NHP2L1,Essential_Gene
CIAO2A,Essential_Gene
ATP5F1B,Essential_Gene
RANBP2,Essential_Gene
GINS4,Essential_Gene
FBL,Essential_Gene
EEF2,Essential_Gene
WDR5,Essential_Gene
POGZ,Essential_Gene
DNMT1,Essential_Gene
RPL3,Essential_Gene
SNAPC2,Essential_Gene
IPO7,Essential_Gene
ATP5O,Essential_Gene
MRPL33,Essential_Gene
C21orf59,Essential_Gene
PIK3C3,Essential_Gene
RPL23A,Essential_Gene
MED8,Essential_Gene
SEC61G,Essential_Gene
BCCIP,Essential_Gene
HIST1H2AG,Essential_Gene
PABPC1,Essential_Gene
BAK1,Essential_Gene
CDT1,Essential_Gene
TUBGCP2,Essential_Gene
CHERP,Essential_Gene
GTF2E1,Essential_Gene
DNAJA3,Essential_Gene
ELP3,Essential_Gene
CARS1,Essential_Gene
HIST1H2BE,Essential_Gene
DNAJC9,Essential_Gene
LSM4,Essential_Gene
DPH3,Essential_Gene
POLR1G,Essential_Gene
SMU1,Essential_Gene
AHCY,Essential_Gene
RPP38,Essential_Gene
SNRPC,Essential_Gene
GPN3,Essential_Gene
XRN1,Essential_Gene
SSU72,Essential_Gene
MCM4,Essential_Gene
KIF1BP,Essential_Gene
NSA2,Essential_Gene
TARS,Essential_Gene
ZC3H8,Essential_Gene
CDC37,Essential_Gene
KRTAP4-2,Essential_Gene
STIL,Essential_Gene
CCDC174,Essential_Gene
MRPL4,Essential_Gene
DTYMK,Essential_Gene
ELAC2,Essential_Gene
UTP4,Essential_Gene
SNRPD1,Essential_Gene
CDK7,Essential_Gene
BRF1,Essential_Gene
CTDP1,Essential_Gene
HMGB3,Essential_Gene
MED20,Essential_Gene
RPS21,Essential_Gene
RCC1L,Essential_Gene
DKC1,Essential_Gene
RMI2,Essential_Gene
USP37,Essential_Gene
COPS2,Essential_Gene
NOC3L,Essential_Gene
PSMC5,Essential_Gene
DDX21,Essential_Gene
YWHAZ,Essential_Gene
NIP7,Essential_Gene
SMARCE1,Essential_Gene
FABP5,Essential_Gene
RBM28,Essential_Gene
MAD2L1BP,Essential_Gene
RRP15,Essential_Gene
EIF3M,Essential_Gene
CHMP2A,Essential_Gene
GINS3,Essential_Gene
USP39,Essential_Gene
WDR61,Essential_Gene
YTHDC1,Essential_Gene
ATP6V1F,Essential_Gene
ZNF131,Essential_Gene
HSPE1,Essential_Gene
LARS1,Essential_Gene
UTP14A,Essential_Gene
DNM2,Essential_Gene
UFD1,Essential_Gene
EIF1AD,Essential_Gene
NOL10,Essential_Gene
RNPS1,Essential_Gene
CCDC86,Essential_Gene
PSMD7,Essential_Gene
KRTAP4-11,Essential_Gene
CASC5,Essential_Gene
PRPF4B,Essential_Gene
DDX54,Essential_Gene
SRP54,Essential_Gene
ACTG1,Essential_Gene
SF3B1,Essential_Gene
KDM2A,Essential_Gene
RSL1D1,Essential_Gene
TACC3,Essential_Gene
DHPS,Essential_Gene
NBPF3,Essential_Gene
CSTF3,Essential_Gene
TTF1,Essential_Gene
MRPS7,Essential_Gene
FDXR,Essential_Gene
KRR1,Essential_Gene
DDX41,Essential_Gene
RPL32,Essential_Gene
SNRNP25,Essential_Gene
H3C13,Essential_Gene
MRPL50,Essential_Gene
SKA1,Essential_Gene
CS,Essential_Gene
GRPEL1,Essential_Gene
NUMA1,Essential_Gene
ATP5J,Essential_Gene
GLTSCR2,Essential_Gene
OSBP,Essential_Gene
H2AC7,Essential_Gene
H1-2,Essential_Gene
ALG11,Essential_Gene
ATP5MG,Essential_Gene
USPL1,Essential_Gene
GNL2,Essential_Gene
ATR,Essential_Gene
FAM133B,Essential_Gene
NAA20,Essential_Gene
RIOK1,Essential_Gene
EEF2KMT,Essential_Gene
RAD17,Essential_Gene
TFIP11,Essential_Gene
CARS,Essential_Gene
RNMT,Essential_Gene
TTF2,Essential_Gene
ARIH1,Essential_Gene
RPF1,Essential_Gene
DDA1,Essential_Gene
NSMCE3,Essential_Gene
EIF2B5,Essential_Gene
NBAS,Essential_Gene
RPL19,Essential_Gene
CHMP7,Essential_Gene
SMG5,Essential_Gene
MYO1H,Essential_Gene
PNPT1,Essential_Gene
KLHL11,Essential_Gene
PRPF18,Essential_Gene
PRPF8,Essential_Gene
H2BC4,Essential_Gene
ZNF720,Essential_Gene
DCTN6,Essential_Gene
ECT2,Essential_Gene
RUVBL2,Essential_Gene
VARS1,Essential_Gene
EXOC8,Essential_Gene
EHMT2,Essential_Gene
SCG5,Essential_Gene
NSMCE1,Essential_Gene
PNN,Essential_Gene
SKA2,Essential_Gene
PFDN2,Essential_Gene
TARS1,Essential_Gene
TAF2,Essential_Gene
PPP1R8,Essential_Gene
RPS9,Essential_Gene
UBE2C,Essential_Gene
RANGAP1,Essential_Gene
TMED10,Essential_Gene
PRC1,Essential_Gene
DHX16,Essential_Gene
NOP53,Essential_Gene
ATP6V1H,Essential_Gene
PAF1,Essential_Gene
YAE1D1,Essential_Gene
CDK2,Essential_Gene
ENY2,Essential_Gene
URM1,Essential_Gene
PPP1R11,Essential_Gene
MAX,Essential_Gene
PSMA3,Essential_Gene
UBE2I,Essential_Gene
NOP2,Essential_Gene
EXOC1,Essential_Gene
DUT,Essential_Gene
CIRH1A,Essential_Gene
BRF2,Essential_Gene
PPP1R7,Essential_Gene
CMTR1,Essential_Gene
PKM,Essential_Gene
ICE1,Essential_Gene
DDX18,Essential_Gene
COX6C,Essential_Gene
DHX9,Essential_Gene
OXA1L,Essential_Gene
SEC13,Essential_Gene
SUGT1,Essential_Gene
TIMM23,Essential_Gene
TUT1,Essential_Gene
RBX1,Essential_Gene
TERF1,Essential_Gene
CHAF1B,Essential_Gene
ELL,Essential_Gene
ALDOA,Essential_Gene
MCMBP,Essential_Gene
COG1,Essential_Gene
RAD9A,Essential_Gene
C1orf131,Essential_Gene
ZCRB1,Essential_Gene
MRTO4,Essential_Gene
AURKB,Essential_Gene
SNRPD2,Essential_Gene
MRPS27,Essential_Gene
CACTIN,Essential_Gene
DYNC1H1,Essential_Gene
NFYC,Essential_Gene
TBX10,Nonessential_Gene
TBR1,Nonessential_Gene
SEC14L3,Nonessential_Gene
SLC6A5,Nonessential_Gene
HIST1H2AA,Nonessential_Gene
BPIFB6,Nonessential_Gene
C17orf102,Nonessential_Gene
IL26,Nonessential_Gene
LHFPL5,Nonessential_Gene
OR2F1,Nonessential_Gene
GFRAL,Nonessential_Gene
OR5M10,Nonessential_Gene
SPATA16,Nonessential_Gene
BIRC8,Nonessential_Gene
ADH7,Nonessential_Gene
MORC1,Nonessential_Gene
KRTAP10-8,Nonessential_Gene
SAMD7,Nonessential_Gene
OR10S1,Nonessential_Gene
KCNK10,Nonessential_Gene
MC2R,Nonessential_Gene
RFX6,Nonessential_Gene
RNASE8,Nonessential_Gene
CACNG2,Nonessential_Gene
NEUROG1,Nonessential_Gene
SULT6B1,Nonessential_Gene
DUXA,Nonessential_Gene
KLK9,Nonessential_Gene
IFNA5,Nonessential_Gene
PGLYRP3,Nonessential_Gene
TAS1R2,Nonessential_Gene
OR52M1,Nonessential_Gene
CYP11B2,Nonessential_Gene
NANOS2,Nonessential_Gene
OC90,Nonessential_Gene
ZIM3,Nonessential_Gene
PLA2G2E,Nonessential_Gene
DEFB126,Nonessential_Gene
PANX3,Nonessential_Gene
NPHS2,Nonessential_Gene
LGALS13,Nonessential_Gene
SIX6,Nonessential_Gene
GCG,Nonessential_Gene
ZG16,Nonessential_Gene
FOXD4L4,Nonessential_Gene
KRTAP1-1,Nonessential_Gene
LALBA,Nonessential_Gene
CER1,Nonessential_Gene
DEFB104A,Nonessential_Gene
OR3A1,Nonessential_Gene
NPVF,Nonessential_Gene
PNLIP,Nonessential_Gene
NEUROD6,Nonessential_Gene
DEFB123,Nonessential_Gene
TAS2R7,Nonessential_Gene
KRTAP19-3,Nonessential_Gene
BARHL1,Nonessential_Gene
LCT,Nonessential_Gene
KIR3DL3,Nonessential_Gene
TMEM132D,Nonessential_Gene
CBLIF,Nonessential_Gene
OR51D1,Nonessential_Gene
PGLYRP2,Nonessential_Gene
POU4F2,Nonessential_Gene
TEX44,Nonessential_Gene
OR2L3,Nonessential_Gene
TSPAN16,Nonessential_Gene
CCDC155,Nonessential_Gene
SEMG2,Nonessential_Gene
OR5V1,Nonessential_Gene
CETN1,Nonessential_Gene
OR1D2,Nonessential_Gene
ASB17,Nonessential_Gene
REG3A,Nonessential_Gene
KRT84,Nonessential_Gene
TRPV5,Nonessential_Gene
FOXE3,Nonessential_Gene
KIR2DL1,Nonessential_Gene
MYBPC3,Nonessential_Gene
OTOP1,Nonessential_Gene
BPIFB3,Nonessential_Gene
FGF3,Nonessential_Gene
GPR52,Nonessential_Gene
OR8U1,Nonessential_Gene
KRTAP3-2,Nonessential_Gene
KRT2,Nonessential_Gene
DEFB118,Nonessential_Gene
NPSR1,Nonessential_Gene
PLA2G2F,Nonessential_Gene
DCAF4L2,Nonessential_Gene
GKN2,Nonessential_Gene
CNGB3,Nonessential_Gene
ADAM30,Nonessential_Gene
SUN5,Nonessential_Gene
GPR152,Nonessential_Gene
DEFB103B,Nonessential_Gene
IFNA6,Nonessential_Gene
OR2T2,Nonessential_Gene
IL13,Nonessential_Gene
SPO11,Nonessential_Gene
VRTN,Nonessential_Gene
DSG4,Nonessential_Gene
HOXD12,Nonessential_Gene
MFRP,Nonessential_Gene
OR5T2,Nonessential_Gene
PTF1A,Nonessential_Gene
SLC17A2,Nonessential_Gene
CHRNB3,Nonessential_Gene
TNR,Nonessential_Gene
SEPT14,Nonessential_Gene
PRDM14,Nonessential_Gene
OR4C3,Nonessential_Gene
CLCA1,Nonessential_Gene
OR52R1,Nonessential_Gene
GSX1,Nonessential_Gene
TMEM174,Nonessential_Gene
TSGA13,Nonessential_Gene
KRTAP9-4,Nonessential_Gene
KRT26,Nonessential_Gene
SPACA1,Nonessential_Gene
IL22,Nonessential_Gene
NLRP9,Nonessential_Gene
OR2T4,Nonessential_Gene
KRT37,Nonessential_Gene
OR2D3,Nonessential_Gene
CD200R1L,Nonessential_Gene
HIST1H2BA,Nonessential_Gene
H1FOO,Nonessential_Gene
HIST1H4G,Nonessential_Gene
MUCL3,Nonessential_Gene
INSL6,Nonessential_Gene
NDST4,Nonessential_Gene
HTN3,Nonessential_Gene
LHX3,Nonessential_Gene
GJA8,Nonessential_Gene
OR2H1,Nonessential_Gene
AFM,Nonessential_Gene
IFNK,Nonessential_Gene
TSSK2,Nonessential_Gene
SLC34A1,Nonessential_Gene
OR1E1,Nonessential_Gene
AICDA,Nonessential_Gene
OR9Q2,Nonessential_Gene
TLX1,Nonessential_Gene
TPRX1,Nonessential_Gene
TSHB,Nonessential_Gene
C11orf40,Nonessential_Gene
POU4F3,Nonessential_Gene
RXFP2,Nonessential_Gene
LOR,Nonessential_Gene
GH2,Nonessential_Gene
RBMXL2,Nonessential_Gene
EVX1,Nonessential_Gene
MBL2,Nonessential_Gene
OR10R2,Nonessential_Gene
DRD3,Nonessential_Gene
FAM71A,Nonessential_Gene
KRT77,Nonessential_Gene
C2orf57,Nonessential_Gene
PRSS37,Nonessential_Gene
ISX,Nonessential_Gene
RNF113B,Nonessential_Gene
OR2T1,Nonessential_Gene
TPTE,Nonessential_Gene
IFNW1,Nonessential_Gene
HTR5A,Nonessential_Gene
INSM2,Nonessential_Gene
MEPE,Nonessential_Gene
MS4A5,Nonessential_Gene
PRAMEF2,Nonessential_Gene
SHCBP1L,Nonessential_Gene
OR5AU1,Nonessential_Gene
OR52L1,Nonessential_Gene
NEUROD4,Nonessential_Gene
CYP26C1,Nonessential_Gene
RTP1,Nonessential_Gene
TAAR1,Nonessential_Gene
NLRP4,Nonessential_Gene
KRT33A,Nonessential_Gene
GPR26,Nonessential_Gene
LORICRIN,Nonessential_Gene
IL21,Nonessential_Gene
GBP7,Nonessential_Gene
H1-8,Nonessential_Gene
ACTL7B,Nonessential_Gene
LGALS14,Nonessential_Gene
TAS2R39,Nonessential_Gene
IFNA2,Nonessential_Gene
SERPINA12,Nonessential_Gene
SLCO1B1,Nonessential_Gene
SERPINA9,Nonessential_Gene
CELA2A,Nonessential_Gene
OR10X1,Nonessential_Gene
OR6A2,Nonessential_Gene
MRGPRX1,Nonessential_Gene
IL3,Nonessential_Gene
WFDC11,Nonessential_Gene
CABP5,Nonessential_Gene
RHO,Nonessential_Gene
SLC25A31,Nonessential_Gene
T,Nonessential_Gene
OR52W1,Nonessential_Gene
C20orf173,Nonessential_Gene
FOXB1,Nonessential_Gene
OR2AK2,Nonessential_Gene
RP1,Nonessential_Gene
IFNB1,Nonessential_Gene
INSRR,Nonessential_Gene
IFNA14,Nonessential_Gene
PNLIPRP1,Nonessential_Gene
IFNA7,Nonessential_Gene
SEPTIN14,Nonessential_Gene
TRPC7,Nonessential_Gene
SPRR4,Nonessential_Gene
TAS2R13,Nonessential_Gene
RDH8,Nonessential_Gene
KRT25,Nonessential_Gene
KCNK16,Nonessential_Gene
ADAD1,Nonessential_Gene
SLC22A6,Nonessential_Gene
DEFA5,Nonessential_Gene
RNASE12,Nonessential_Gene
SLC22A12,Nonessential_Gene
ZNF804B,Nonessential_Gene
CSN3,Nonessential_Gene
GRM6,Nonessential_Gene
OR2T10,Nonessential_Gene
IL17A,Nonessential_Gene
MMP20,Nonessential_Gene
C17orf78,Nonessential_Gene
AQP8,Nonessential_Gene
TPH2,Nonessential_Gene
CYP4A22,Nonessential_Gene
BPIFA3,Nonessential_Gene
IL36B,Nonessential_Gene
OR1E2,Nonessential_Gene
APOA4,Nonessential_Gene
SLC22A8,Nonessential_Gene
PRB4,Nonessential_Gene
C10orf113,Nonessential_Gene
ANTXRL,Nonessential_Gene
TBXT,Nonessential_Gene
PDCL2,Nonessential_Gene
RBP3,Nonessential_Gene
RD3,Nonessential_Gene
GSX2,Nonessential_Gene
OR2J2,Nonessential_Gene
MMD2,Nonessential_Gene
SPEM1,Nonessential_Gene
PRLH,Nonessential_Gene
OLIG2,Nonessential_Gene
WFDC9,Nonessential_Gene
IRGC,Nonessential_Gene
KCNB2,Nonessential_Gene
TAAR2,Nonessential_Gene
TRIM67,Nonessential_Gene
ATOH1,Nonessential_Gene
KRT82,Nonessential_Gene
MAS1L,Nonessential_Gene
RP1L1,Nonessential_Gene
MYF5,Nonessential_Gene
ASIC5,Nonessential_Gene
KRT28,Nonessential_Gene
OR5W2,Nonessential_Gene
TSPO2,Nonessential_Gene
GRM4,Nonessential_Gene
KRT71,Nonessential_Gene
ABCG8,Nonessential_Gene
OR56B1,Nonessential_Gene
RFPL4B,Nonessential_Gene
UROC1,Nonessential_Gene
FOXB2,Nonessential_Gene
APOBEC1,Nonessential_Gene
KRTAP4-7,Nonessential_Gene
CABP2,Nonessential_Gene
OR52K2,Nonessential_Gene
OR52I2,Nonessential_Gene
OR1G1,Nonessential_Gene
ADAM18,Nonessential_Gene
KRT40,Nonessential_Gene
SPPL2C,Nonessential_Gene
VAX1,Nonessential_Gene
IL1F10,Nonessential_Gene
LRRC10,Nonessential_Gene
CYP2C19,Nonessential_Gene
INSL5,Nonessential_Gene
ACCSL,Nonessential_Gene
MEP1A,Nonessential_Gene
TCHHL1,Nonessential_Gene
KRTAP10-5,Nonessential_Gene
KRTAP9-2,Nonessential_Gene
SERPINB12,Nonessential_Gene
MMP21,Nonessential_Gene
PRAMEF7,Nonessential_Gene
OR8B8,Nonessential_Gene
GLT6D1,Nonessential_Gene
KRTAP10-9,Nonessential_Gene
BPIFC,Nonessential_Gene
OR5P3,Nonessential_Gene
TRIM60,Nonessential_Gene
GALR1,Nonessential_Gene
OR2T33,Nonessential_Gene
CCT8L2,Nonessential_Gene
GPX6,Nonessential_Gene
CNPY1,Nonessential_Gene
OR52E8,Nonessential_Gene
DDI1,Nonessential_Gene
FABP2,Nonessential_Gene
POTEG,Nonessential_Gene
TAAR5,Nonessential_Gene
RBPJL,Nonessential_Gene
MMP27,Nonessential_Gene
CLRN1,Nonessential_Gene
CYLC2,Nonessential_Gene
KRTAP10-11,Nonessential_Gene
LHX5,Nonessential_Gene
FOXR1,Nonessential_Gene
MS4A10,Nonessential_Gene
HRG,Nonessential_Gene
TMPRSS11A,Nonessential_Gene
TMPRSS15,Nonessential_Gene
BSND,Nonessential_Gene
NKX2-1,Nonessential_Gene
APOF,Nonessential_Gene
PIWIL3,Nonessential_Gene
IL36A,Nonessential_Gene
TMEM225,Nonessential_Gene
MOGAT3,Nonessential_Gene
OR4D11,Nonessential_Gene
PAX4,Nonessential_Gene
ENTHD1,Nonessential_Gene
KRTAP13-2,Nonessential_Gene
OR8A1,Nonessential_Gene
PRSS58,Nonessential_Gene
OLIG3,Nonessential_Gene
IL31,Nonessential_Gene
KRT73,Nonessential_Gene
KRTAP10-12,Nonessential_Gene
OR2G3,Nonessential_Gene
GPR148,Nonessential_Gene
GML,Nonessential_Gene
ZNF648,Nonessential_Gene
DMRTC2,Nonessential_Gene
GALNTL5,Nonessential_Gene
KRT35,Nonessential_Gene
CHAT,Nonessential_Gene
FAM71C,Nonessential_Gene
IL36RN,Nonessential_Gene
MUC7,Nonessential_Gene
FAM71B,Nonessential_Gene
G6PC1,Nonessential_Gene
NR2E1,Nonessential_Gene
CYP7A1,Nonessential_Gene
GPR151,Nonessential_Gene
GLRA1,Nonessential_Gene
PAX1,Nonessential_Gene
POM121L12,Nonessential_Gene
RBM46,Nonessential_Gene
IFNA21,Nonessential_Gene
ZP4,Nonessential_Gene
SPATA21,Nonessential_Gene
LYZL6,Nonessential_Gene
OR10H1,Nonessential_Gene
OR14A16,Nonessential_Gene
CLDN17,Nonessential_Gene
MBD3L1,Nonessential_Gene
TAS2R16,Nonessential_Gene
C2orf61,Nonessential_Gene
OR51V1,Nonessential_Gene
CSTL1,Nonessential_Gene
CTCFL,Nonessential_Gene
DPRX,Nonessential_Gene
FOXN1,Nonessential_Gene
H4C7,Nonessential_Gene
IFNA10,Nonessential_Gene
SLC17A6,Nonessential_Gene
OR5T3,Nonessential_Gene
C2orf71,Nonessential_Gene
C6orf10,Nonessential_Gene
CEACAM7,Nonessential_Gene
OR56A4,Nonessential_Gene
OTP,Nonessential_Gene
FLG2,Nonessential_Gene
AIPL1,Nonessential_Gene
FNDC7,Nonessential_Gene
TEX45,Nonessential_Gene
EFCAB3,Nonessential_Gene
OR10A5,Nonessential_Gene
OR7G2,Nonessential_Gene
KCNA10,Nonessential_Gene
GPR139,Nonessential_Gene
FUT9,Nonessential_Gene
CYP11B1,Nonessential_Gene
HMX1,Nonessential_Gene
TMEM132E-DT,Nonessential_Gene
KRT36,Nonessential_Gene
SLITRK1,Nonessential_Gene
ZNF679,Nonessential_Gene
ASZ1,Nonessential_Gene
DRGX,Nonessential_Gene
OR2D2,Nonessential_Gene
OR1A2,Nonessential_Gene
IFNA4,Nonessential_Gene
TMPRSS11F,Nonessential_Gene
RND2,Nonessential_Gene
SLC18A3,Nonessential_Gene
KRT38,Nonessential_Gene
DEFB106A,Nonessential_Gene
OR52B6,Nonessential_Gene
HAO1,Nonessential_Gene
C1orf146,Nonessential_Gene
OTOR,Nonessential_Gene
OR2C1,Nonessential_Gene
TRHR,Nonessential_Gene
UBQLN3,Nonessential_Gene
FIGLA,Nonessential_Gene
NCR2,Nonessential_Gene
SLC7A13,Nonessential_Gene
CYP2A13,Nonessential_Gene
OR5R1,Nonessential_Gene
KRTAP10-10,Nonessential_Gene
TAAR6,Nonessential_Gene
GCM2,Nonessential_Gene
C8B,Nonessential_Gene
SCN10A,Nonessential_Gene
OR5I1,Nonessential_Gene
KRT75,Nonessential_Gene
OR10A4,Nonessential_Gene
ATP6V1G3,Nonessential_Gene
SPACA7,Nonessential_Gene
KCNG4,Nonessential_Gene
COX7B2,Nonessential_Gene
TCEB3B,Nonessential_Gene
KASH5,Nonessential_Gene
G6PC,Nonessential_Gene
FUT5,Nonessential_Gene
TKTL2,Nonessential_Gene
CSHL1,Nonessential_Gene
DAZL,Nonessential_Gene
KRTAP5-2,Nonessential_Gene
MAS1,Nonessential_Gene
TMPRSS11B,Nonessential_Gene
POTEH,Nonessential_Gene
CNTNAP5,Nonessential_Gene
TAS2R42,Nonessential_Gene
SLC32A1,Nonessential_Gene
DMP1,Nonessential_Gene
FSCB,Nonessential_Gene
HTR3C,Nonessential_Gene
LCN9,Nonessential_Gene
ALPI,Nonessential_Gene
MT1B,Nonessential_Gene
ARGFX,Nonessential_Gene
KRTAP4-12,Nonessential_Gene
OR4K17,Nonessential_Gene
MRGPRX2,Nonessential_Gene
PBOV1,Nonessential_Gene
SOHLH1,Nonessential_Gene
ZP2,Nonessential_Gene
ATP4B,Nonessential_Gene
BRDT,Nonessential_Gene
GFRA4,Nonessential_Gene
CCL1,Nonessential_Gene
KCNK18,Nonessential_Gene
CHRNA6,Nonessential_Gene
KIF2B,Nonessential_Gene
PRSS33,Nonessential_Gene
HRH3,Nonessential_Gene
SLC39A12,Nonessential_Gene
STATH,Nonessential_Gene
B3GNT6,Nonessential_Gene
GPR78,Nonessential_Gene
OR10Z1,Nonessential_Gene
TBC1D29P,Nonessential_Gene
MBD3L2,Nonessential_Gene
IFNA16,Nonessential_Gene
PRAMEF4,Nonessential_Gene
CSN2,Nonessential_Gene
ACTL9,Nonessential_Gene
CST11,Nonessential_Gene
TXNDC8,Nonessential_Gene
OR8U3,Nonessential_Gene
OR2W1,Nonessential_Gene
TMPRSS12,Nonessential_Gene
F13B,Nonessential_Gene
KRTAP10-1,Nonessential_Gene
GPRC6A,Nonessential_Gene
GPX5,Nonessential_Gene
SCGB1D1,Nonessential_Gene
CCDC83,Nonessential_Gene
C2orf83,Nonessential_Gene
LIN28A,Nonessential_Gene
SSTR4,Nonessential_Gene
LINC01599,Nonessential_Gene
OR6V1,Nonessential_Gene
TRIM48,Nonessential_Gene
GPR32,Nonessential_Gene
MEP1B,Nonessential_Gene
TREML4,Nonessential_Gene
GDF2,Nonessential_Gene
OR4D9,Nonessential_Gene
OTOP3,Nonessential_Gene
PRB1,Nonessential_Gene
LRIT1,Nonessential_Gene
KCNV1,Nonessential_Gene
TSPYL6,Nonessential_Gene
C3orf30,Nonessential_Gene
IFIT1B,Nonessential_Gene
TYR,Nonessential_Gene
OR5T1,Nonessential_Gene
PLA2G4E,Nonessential_Gene
CCKAR,Nonessential_Gene
CST9,Nonessential_Gene
ELOA2,Nonessential_Gene
RNASE13,Nonessential_Gene
IAPP,Nonessential_Gene
C10orf53,Nonessential_Gene
KRT9,Nonessential_Gene
NLRP8,Nonessential_Gene
OR51F2,Nonessential_Gene
POU5F2,Nonessential_Gene
RNASE11,Nonessential_Gene
TAS2R8,Nonessential_Gene
OR7A17,Nonessential_Gene
C8orf86,Nonessential_Gene
PIWIL1,Nonessential_Gene
VSX2,Nonessential_Gene
RNF17,Nonessential_Gene
TAS2R60,Nonessential_Gene
SLC22A25,Nonessential_Gene
OR10A2,Nonessential_Gene
C10orf120,Nonessential_Gene
CST9L,Nonessential_Gene
OR6S1,Nonessential_Gene
NEUROD2,Nonessential_Gene
OR5M1,Nonessential_Gene
USP17L2,Nonessential_Gene
GABRA1,Nonessential_Gene
OR10H2,Nonessential_Gene
ADAM2,Nonessential_Gene
SOX1,Nonessential_Gene
C12orf40,Nonessential_Gene
CRYGB,Nonessential_Gene
CABS1,Nonessential_Gene
HOXB1,Nonessential_Gene
IL25,Nonessential_Gene
MC5R,Nonessential_Gene
PDX1,Nonessential_Gene
OR2T12,Nonessential_Gene
ACTL7A,Nonessential_Gene
KRT86,Nonessential_Gene
SLC25A2,Nonessential_Gene
KRTAP10-2,Nonessential_Gene
SLCO6A1,Nonessential_Gene
ALX3,Nonessential_Gene
KRTAP4-2,Nonessential_Gene
COL20A1,Nonessential_Gene
MRGPRD,Nonessential_Gene
ZNRF4,Nonessential_Gene
OTX2,Nonessential_Gene
SLC36A3,Nonessential_Gene
SLC22A9,Nonessential_Gene
HTR3D,Nonessential_Gene
RTP2,Nonessential_Gene
IFNA17,Nonessential_Gene
SPINK14,Nonessential_Gene
RPE65,Nonessential_Gene
TEX55,Nonessential_Gene
IL12B,Nonessential_Gene
OPALIN,Nonessential_Gene
TAAR8,Nonessential_Gene
CST5,Nonessential_Gene
HCRTR2,Nonessential_Gene
GRM5,Nonessential_Gene
C19orf45,Nonessential_Gene
SLC6A18,Nonessential_Gene
DEFA6,Nonessential_Gene
CLEC3A,Nonessential_Gene
MC3R,Nonessential_Gene
SLC6A7,Nonessential_Gene
DSPP,Nonessential_Gene
SLC13A1,Nonessential_Gene
H2AC1,Nonessential_Gene
KRTAP10-6,Nonessential_Gene
KHDC3L,Nonessential_Gene
MRGPRX4,Nonessential_Gene
BANF2,Nonessential_Gene
LIM2,Nonessential_Gene
TAS2R46,Nonessential_Gene
SLC2A2,Nonessential_Gene
NPFFR1,Nonessential_Gene
OPN5,Nonessential_Gene
PDILT,Nonessential_Gene
INS,Nonessential_Gene
OR1N2,Nonessential_Gene
RNASE10,Nonessential_Gene
RPTN,Nonessential_Gene
ZSWIM2,Nonessential_Gene
OR13D1,Nonessential_Gene
POTED,Nonessential_Gene
KRTAP13-4,Nonessential_Gene
GIF,Nonessential_Gene
KRTAP13-1,Nonessential_Gene
OR52A5,Nonessential_Gene
OR1S1,Nonessential_Gene
KRTAP4-4,Nonessential_Gene
OR51B6,Nonessential_Gene
OR12D3,Nonessential_Gene
NLRP5,Nonessential_Gene
OR56A1,Nonessential_Gene
SIGLECL1,Nonessential_Gene
KRT76,Nonessential_Gene
DMRT1,Nonessential_Gene
SCRT2,Nonessential_Gene
SI,Nonessential_Gene
ALPPL2,Nonessential_Gene
SPHAR,Nonessential_Gene
CLEC2A,Nonessential_Gene
IFNA8,Nonessential_Gene
OR4D1,Nonessential_Gene
IQCF1,Nonessential_Gene
STPG4,Nonessential_Gene
SP8,Nonessential_Gene
GK2,Nonessential_Gene
TAS2R1,Nonessential_Gene
KRTAP4-11,Nonessential_Gene
OR2T27,Nonessential_Gene
PRDM9,Nonessential_Gene
RETNLB,Nonessential_Gene
SLC2A7,Nonessential_Gene
FFAR1,Nonessential_Gene
FEZF1,Nonessential_Gene
RESP18,Nonessential_Gene
MTNR1B,Nonessential_Gene
ART1,Nonessential_Gene
CCDC172,Nonessential_Gene
CST8,Nonessential_Gene
UTS2R,Nonessential_Gene
OR3A3,Nonessential_Gene
PRDM7,Nonessential_Gene
OR13C3,Nonessential_Gene
OR5P2,Nonessential_Gene
TAS2R9,Nonessential_Gene
OR2C3,Nonessential_Gene
DDX4,Nonessential_Gene
OR8G5,Nonessential_Gene
PGK2,Nonessential_Gene
NMS,Nonessential_Gene
CELA3B,Nonessential_Gene
CSH1,Nonessential_Gene
OR1B1,Nonessential_Gene
ANKRD30A,Nonessential_Gene
PDE6H,Nonessential_Gene
NOTO,Nonessential_Gene
LBX1,Nonessential_Gene
FEZF2,Nonessential_Gene
MMP26,Nonessential_Gene
CRX,Nonessential_Gene
HTR3E,Nonessential_Gene
IL9,Nonessential_Gene
OR7C2,Nonessential_Gene
CACNG5,Nonessential_Gene
USP29,Nonessential_Gene
CDCP2,Nonessential_Gene
SLC22A13,Nonessential_Gene
CRNN,Nonessential_Gene
MUC17,Nonessential_Gene
FRG2,Nonessential_Gene
GOT1L1,Nonessential_Gene
GSC2,Nonessential_Gene
C8A,Nonessential_Gene
S100A7A,Nonessential_Gene
NOX3,Nonessential_Gene
OR2AT4,Nonessential_Gene
SDR9C7,Nonessential_Gene
TCP10L2,Nonessential_Gene
TAS2R41,Nonessential_Gene
OR7D4,Nonessential_Gene
TEX101,Nonessential_Gene
TGM6,Nonessential_Gene
TRIM40,Nonessential_Gene
C16orf78,Nonessential_Gene
CLEC6A,Nonessential_Gene
NANOGNB,Nonessential_Gene
OR10J1,Nonessential_Gene
MS4A13,Nonessential_Gene
OR52A1,Nonessential_Gene
PDYN,Nonessential_Gene
KRTAP11-1,Nonessential_Gene
BPIFA1,Nonessential_Gene
DMRTB1,Nonessential_Gene
KRTAP23-1,Nonessential_Gene
TBC1D29,Nonessential_Gene
RAX,Nonessential_Gene
DSCR4,Nonessential_Gene
CACNG3,Nonessential_Gene
GALR3,Nonessential_Gene
CDX2,Nonessential_Gene
LIPM,Nonessential_Gene
HTR6,Nonessential_Gene
TMIGD1,Nonessential_Gene
KRTAP15-1,Nonessential_Gene
SOX14,Nonessential_Gene
PSKH2,Nonessential_Gene
TBC1D21,Nonessential_Gene
OR6K6,Nonessential_Gene
LYZL1,Nonessential_Gene
TSSK1B,Nonessential_Gene
CELA3A,Nonessential_Gene
TRIM42,Nonessential_Gene
HTR1A,Nonessential_Gene
XKR7,Nonessential_Gene
KRTAP9-3,Nonessential_Gene
TBPL2,Nonessential_Gene
DPCR1,Nonessential_Gene
GPR31,Nonessential_Gene
ADGRG7,Nonessential_Gene
VN1R2,Nonessential_Gene
OR1A1,Nonessential_Gene
CATSPER4,Nonessential_Gene
VN1R4,Nonessential_Gene
IZUMO2,Nonessential_Gene
FCRL4,Nonessential_Gene
DTX2,Nonessential_Gene
IL17F,Nonessential_Gene
OR4D10,Nonessential_Gene
CST4,Nonessential_Gene
GHRH,Nonessential_Gene
UMOD,Nonessential_Gene
TFAP2D,Nonessential_Gene
BMP10,Nonessential_Gene
MSGN1,Nonessential_Gene
TRPM1,Nonessential_Gene
KRT85,Nonessential_Gene
CFHR2,Nonessential_Gene
OR52B2,Nonessential_Gene
KRT74,Nonessential_Gene
RXFP3,Nonessential_Gene
TAS2R40,Nonessential_Gene
OR1S2,Nonessential_Gene
DCANP1,Nonessential_Gene
FGF6,Nonessential_Gene
PROP1,Nonessential_Gene
KLK12,Nonessential_Gene
PRSS55,Nonessential_Gene
PCARE,Nonessential_Gene
RAX2,Nonessential_Gene
PNPLA5,Nonessential_Gene
TMEM207,Nonessential_Gene
H2BC1,Nonessential_Gene
CNBD1,Nonessential_Gene
OR51T1,Nonessential_Gene
OR5C1,Nonessential_Gene
PRAMEF1,Nonessential_Gene
KRT78,Nonessential_Gene
GPR45,Nonessential_Gene
TAS2R43,Nonessential_Gene
OR10H3,Nonessential_Gene
OR4C11,Nonessential_Gene
EGR4,Nonessential_Gene
CTRB1,Nonessential_Gene
KRTAP26-1,Nonessential_Gene
PRDM13,Nonessential_Gene
LRIT2,Nonessential_Gene
DEFB127,Nonessential_Gene
TSBP1,Nonessential_Gene
GABRA6,Nonessential_Gene
VPREB1,Nonessential_Gene
KRTAP10-4,Nonessential_Gene
OR11A1,Nonessential_Gene
TAS2R50,Nonessential_Gene
OR1L6,Nonessential_Gene
PRG3,Nonessential_Gene
FNDC9,Nonessential_Gene
GUCA2A,Nonessential_Gene
GSTA5,Nonessential_Gene
GHSR,Nonessential_Gene
NKX2-2,Nonessential_Gene
TRIML1,Nonessential_Gene
FGF4,Nonessential_Gene
PPP3R2,Nonessential_Gene
DIRC1,Nonessential_Gene
KRTAP17-1,Nonessential_Gene
HDGFL1,Nonessential_Gene
PRLHR,Nonessential_Gene
PRSS38,Nonessential_Gene
DEFB129,Nonessential_Gene
KRTAP13-3,Nonessential_Gene
CFHR5,Nonessential_Gene
ADAM20,Nonessential_Gene
OR12D2,Nonessential_Gene
GJA10,Nonessential_Gene
TRIM43,Nonessential_Gene
OR3A2,Nonessential_Gene
SLC10A2,Nonessential_Gene
RNASE9,Nonessential_Gene
OR2T5,Nonessential_Gene
WFDC10A,Nonessential_Gene
ALPG,Nonessential_Gene
TPD52L3,Nonessential_Gene
TEDDM1,Nonessential_Gene
RFPL3,Nonessential_Gene
OR2G2,Nonessential_Gene
